-- MySQL dump 10.13  Distrib 5.6.16, for Win64 (x86_64)
--
-- Host: localhost    Database: JWM
-- ------------------------------------------------------
-- Server version	5.6.16-enterprise-commercial-advanced

/*!40101 SET @OLD_CHARACTER_SET_CLIENT=@@CHARACTER_SET_CLIENT */;
/*!40101 SET @OLD_CHARACTER_SET_RESULTS=@@CHARACTER_SET_RESULTS */;
/*!40101 SET @OLD_COLLATION_CONNECTION=@@COLLATION_CONNECTION */;
/*!40101 SET NAMES utf8 */;
/*!40103 SET @OLD_TIME_ZONE=@@TIME_ZONE */;
/*!40103 SET TIME_ZONE='+00:00' */;
/*!40014 SET @OLD_UNIQUE_CHECKS=@@UNIQUE_CHECKS, UNIQUE_CHECKS=0 */;
/*!40014 SET @OLD_FOREIGN_KEY_CHECKS=@@FOREIGN_KEY_CHECKS, FOREIGN_KEY_CHECKS=0 */;
/*!40101 SET @OLD_SQL_MODE=@@SQL_MODE, SQL_MODE='NO_AUTO_VALUE_ON_ZERO' */;
/*!40111 SET @OLD_SQL_NOTES=@@SQL_NOTES, SQL_NOTES=0 */;

--
-- Table structure for table `admin`
--

DROP TABLE IF EXISTS `admin`;
/*!40101 SET @saved_cs_client     = @@character_set_client */;
/*!40101 SET character_set_client = utf8 */;
CREATE TABLE `admin` (
  `a_id` int(11) NOT NULL,
  `a_name` varchar(255) DEFAULT NULL,
  `a_pwd` varchar(255) DEFAULT NULL,
  PRIMARY KEY (`a_id`)
) ENGINE=InnoDB DEFAULT CHARSET=utf8;
/*!40101 SET character_set_client = @saved_cs_client */;

--
-- Dumping data for table `admin`
--

LOCK TABLES `admin` WRITE;
/*!40000 ALTER TABLE `admin` DISABLE KEYS */;
INSERT INTO `admin` VALUES (2014,'张大本事','2014'),(2015,'张大本事','2015');
/*!40000 ALTER TABLE `admin` ENABLE KEYS */;
UNLOCK TABLES;

--
-- Table structure for table `check_attendance`
--

DROP TABLE IF EXISTS `check_attendance`;
/*!40101 SET @saved_cs_client     = @@character_set_client */;
/*!40101 SET character_set_client = utf8 */;
CREATE TABLE `check_attendance` (
  `ca_id` int(11) NOT NULL,
  `ca_t_id` int(11) DEFAULT NULL,
  `ca__data` varchar(255) DEFAULT NULL,
  `ca_result` varchar(255) DEFAULT NULL,
  PRIMARY KEY (`ca_id`)
) ENGINE=InnoDB DEFAULT CHARSET=utf8;
/*!40101 SET character_set_client = @saved_cs_client */;

--
-- Dumping data for table `check_attendance`
--

LOCK TABLES `check_attendance` WRITE;
/*!40000 ALTER TABLE `check_attendance` DISABLE KEYS */;
/*!40000 ALTER TABLE `check_attendance` ENABLE KEYS */;
UNLOCK TABLES;

--
-- Table structure for table `classrooms`
--

DROP TABLE IF EXISTS `classrooms`;
/*!40101 SET @saved_cs_client     = @@character_set_client */;
/*!40101 SET character_set_client = utf8 */;
CREATE TABLE `classrooms` (
  `cr_code` varchar(255) NOT NULL,
  `cr_capaciity` varchar(255) DEFAULT NULL,
  `cr_usage` varchar(255) DEFAULT NULL,
  PRIMARY KEY (`cr_code`)
) ENGINE=InnoDB DEFAULT CHARSET=utf8;
/*!40101 SET character_set_client = @saved_cs_client */;

--
-- Dumping data for table `classrooms`
--

LOCK TABLES `classrooms` WRITE;
/*!40000 ALTER TABLE `classrooms` DISABLE KEYS */;
/*!40000 ALTER TABLE `classrooms` ENABLE KEYS */;
UNLOCK TABLES;

--
-- Table structure for table `courser`
--

DROP TABLE IF EXISTS `courser`;
/*!40101 SET @saved_cs_client     = @@character_set_client */;
/*!40101 SET character_set_client = utf8 */;
CREATE TABLE `courser` (
  `c_code` varchar(255) NOT NULL,
  `c_name` varchar(255) DEFAULT NULL,
  `c_period` varchar(255) DEFAULT NULL,
  PRIMARY KEY (`c_code`)
) ENGINE=InnoDB DEFAULT CHARSET=utf8;
/*!40101 SET character_set_client = @saved_cs_client */;

--
-- Dumping data for table `courser`
--

LOCK TABLES `courser` WRITE;
/*!40000 ALTER TABLE `courser` DISABLE KEYS */;
INSERT INTO `courser` VALUES ('01','数据结构','4'),('02','软件工程','4'),('03','网络安全','4'),('04','Java','4'),('05','呵呵呵','4');
/*!40000 ALTER TABLE `courser` ENABLE KEYS */;
UNLOCK TABLES;

--
-- Table structure for table `courser_table`
--

DROP TABLE IF EXISTS `courser_table`;
/*!40101 SET @saved_cs_client     = @@character_set_client */;
/*!40101 SET character_set_client = utf8 */;
CREATE TABLE `courser_table` (
  `ct_g_mj_code` varchar(255) NOT NULL,
  `ct_weeks` varchar(255) NOT NULL,
  `ct_12` varchar(255) DEFAULT NULL,
  `ct_34` varchar(255) DEFAULT NULL,
  `ct_56` varchar(255) DEFAULT NULL,
  `ct_78` varchar(255) DEFAULT NULL,
  PRIMARY KEY (`ct_g_mj_code`,`ct_weeks`)
) ENGINE=InnoDB DEFAULT CHARSET=utf8;
/*!40101 SET character_set_client = @saved_cs_client */;

--
-- Dumping data for table `courser_table`
--

LOCK TABLES `courser_table` WRITE;
/*!40000 ALTER TABLE `courser_table` DISABLE KEYS */;
INSERT INTO `courser_table` VALUES ('1501','1','03','04','05','03'),('1501','2','02','04','02','01'),('1501','3','05','04','05','02'),('1501','4','05','04','01','01'),('1501','5','01','03','02','03'),('1502','1','02','05','04','03'),('1502','2','02','04','01','01'),('1502','3','02','03','05','01'),('1502','4','02','01','04','03'),('1502','5','04','05','05','03'),('1503','1','04','04','02','03'),('1503','2','03','03','01','05'),('1503','3','05','05','02','01'),('1503','4','01','01','03','04'),('1503','5','02','05','04','02'),('1504','1','01','01','04','03'),('1504','2','05','03','04','04'),('1504','3','01','02','03','03'),('1504','4','01','02','02','02'),('1504','5','05','05','05','04'),('1505','1','04','04','01','03'),('1505','2','02','01','02','01'),('1505','3','05','03','02','03'),('1505','4','04','04','05','03'),('1505','5','02','05','01','05'),('1506','1','04','03','02','04'),('1506','2','01','05','05','05'),('1506','3','05','01','03','03'),('1506','4','04','01','02','01'),('1506','5','03','02','04','02'),('1507','1','05','02','04','05'),('1507','2','04','02','03','02'),('1507','3','02','03','01','05'),('1507','4','01','05','04','03'),('1507','5','04','01','01','03'),('1508','1','04','04','05','04'),('1508','2','05','02','05','02'),('1508','3','05','04','01','01'),('1508','4','02','03','03','02'),('1508','5','03','01','01','03'),('1509','1','05','05','04','05'),('1509','2','01','02','04','03'),('1509','3','02','04','01','03'),('1509','4','02','03','05','04'),('1509','5','01','02','03','01');
/*!40000 ALTER TABLE `courser_table` ENABLE KEYS */;
UNLOCK TABLES;

--
-- Table structure for table `grades`
--

DROP TABLE IF EXISTS `grades`;
/*!40101 SET @saved_cs_client     = @@character_set_client */;
/*!40101 SET character_set_client = utf8 */;
CREATE TABLE `grades` (
  `g_name` varchar(255) DEFAULT NULL,
  `g_mj_code` varchar(255) NOT NULL,
  PRIMARY KEY (`g_mj_code`)
) ENGINE=InnoDB DEFAULT CHARSET=utf8;
/*!40101 SET character_set_client = @saved_cs_client */;

--
-- Dumping data for table `grades`
--

LOCK TABLES `grades` WRITE;
/*!40000 ALTER TABLE `grades` DISABLE KEYS */;
INSERT INTO `grades` VALUES ('计算机应用技术一班','1501'),('计算机网络技术一班','1502'),('软件技术一班','1503'),('计算机多媒体技术一班','1504'),('软件外包服务一班','1505'),('联想转班一班','1506'),('思科网络技术学院一班','1507'),('移动通信技术一班','1508'),('软件外包服务（校企合作班）一班','1509');
/*!40000 ALTER TABLE `grades` ENABLE KEYS */;
UNLOCK TABLES;

--
-- Table structure for table `major`
--

DROP TABLE IF EXISTS `major`;
/*!40101 SET @saved_cs_client     = @@character_set_client */;
/*!40101 SET character_set_client = utf8 */;
CREATE TABLE `major` (
  `mj_code` varchar(255) DEFAULT NULL,
  `mj_name` varchar(255) DEFAULT NULL,
  `mj_sc_code` varchar(255) DEFAULT NULL
) ENGINE=InnoDB DEFAULT CHARSET=utf8;
/*!40101 SET character_set_client = @saved_cs_client */;

--
-- Dumping data for table `major`
--

LOCK TABLES `major` WRITE;
/*!40000 ALTER TABLE `major` DISABLE KEYS */;
INSERT INTO `major` VALUES ('1501','计算机应用技术','11111'),('1502','计算机网络技术','11111'),('1503','软件技术','11111'),('1504','计算机多媒体技术','11111'),('1505','软件外包服务','11111'),('1506','联想转班','11111'),('1507','思科网络技术学院','11111'),('1508','移动通信技术','11111'),('1509','软件外包服务（校企合作班）','11111');
/*!40000 ALTER TABLE `major` ENABLE KEYS */;
UNLOCK TABLES;

--
-- Table structure for table `second_colleges`
--

DROP TABLE IF EXISTS `second_colleges`;
/*!40101 SET @saved_cs_client     = @@character_set_client */;
/*!40101 SET character_set_client = utf8 */;
CREATE TABLE `second_colleges` (
  `sc_code` varchar(255) NOT NULL,
  `sc_name` varchar(255) DEFAULT NULL,
  PRIMARY KEY (`sc_code`)
) ENGINE=InnoDB DEFAULT CHARSET=utf8;
/*!40101 SET character_set_client = @saved_cs_client */;

--
-- Dumping data for table `second_colleges`
--

LOCK TABLES `second_colleges` WRITE;
/*!40000 ALTER TABLE `second_colleges` DISABLE KEYS */;
INSERT INTO `second_colleges` VALUES ('11111','电子信息工程学院');
/*!40000 ALTER TABLE `second_colleges` ENABLE KEYS */;
UNLOCK TABLES;

--
-- Table structure for table `students`
--

DROP TABLE IF EXISTS `students`;
/*!40101 SET @saved_cs_client     = @@character_set_client */;
/*!40101 SET character_set_client = utf8 */;
CREATE TABLE `students` (
  `s_id` int(11) NOT NULL,
  `s_name` varchar(255) DEFAULT NULL,
  `s_address` varchar(255) DEFAULT NULL,
  `s_nation` varchar(255) DEFAULT NULL,
  `s_sex` varchar(255) DEFAULT NULL,
  `s_sc_code` varchar(255) DEFAULT NULL,
  `s_mj_code` varchar(255) DEFAULT NULL,
  `s_tell` varchar(255) DEFAULT NULL,
  `s_pwd` varchar(255) DEFAULT NULL,
  PRIMARY KEY (`s_id`)
) ENGINE=InnoDB DEFAULT CHARSET=utf8;
/*!40101 SET character_set_client = @saved_cs_client */;

--
-- Dumping data for table `students`
--

LOCK TABLES `students` WRITE;
/*!40000 ALTER TABLE `students` DISABLE KEYS */;
INSERT INTO `students` VALUES (2014150101,'小明','China','中华民族','女','11111','1501','12456789','2014150101'),(2014150102,'小明','China','中华民族','男','11111','1501','12456789','2014150102'),(2014150103,'小明','China','中华民族','男','11111','1501','12456789','2014150103'),(2014150104,'小明','China','中华民族','男','11111','1501','12456789','2014150104'),(2014150105,'小明','China','中华民族','男','11111','1501','12456789','2014150105'),(2014150106,'小明','China','中华民族','男','11111','1501','12456789','2014150106'),(2014150107,'小明','China','中华民族','男','11111','1501','12456789','2014150107'),(2014150108,'小明','China','中华民族','男','11111','1501','12456789','2014150108'),(2014150109,'小明','China','中华民族','男','11111','1501','12456789','2014150109'),(2014150110,'小明','China','中华民族','男','11111','1501','12456789','2014150110'),(2014150111,'小明','China','中华民族','男','11111','1501','12456789','2014150111'),(2014150112,'小明','China','中华民族','男','11111','1501','12456789','2014150112'),(2014150113,'小明','China','中华民族','男','11111','1501','12456789','2014150113'),(2014150114,'小明','China','中华民族','男','11111','1501','12456789','2014150114'),(2014150115,'小明','China','中华民族','男','11111','1501','12456789','2014150115'),(2014150116,'小明','China','中华民族','男','11111','1501','12456789','2014150116'),(2014150117,'小明','China','中华民族','男','11111','1501','12456789','2014150117'),(2014150118,'小明','China','中华民族','男','11111','1501','12456789','2014150118'),(2014150119,'小明','China','中华民族','男','11111','1501','12456789','2014150119'),(2014150120,'小明','China','中华民族','男','11111','1501','12456789','2014150120'),(2014150121,'小明','China','中华民族','男','11111','1501','12456789','2014150121'),(2014150122,'小明','China','中华民族','男','11111','1501','12456789','2014150122'),(2014150123,'小明','China','中华民族','男','11111','1501','12456789','2014150123'),(2014150124,'小明','China','中华民族','男','11111','1501','12456789','2014150124'),(2014150125,'小明','China','中华民族','男','11111','1501','12456789','2014150125'),(2014150126,'小明','China','中华民族','男','11111','1501','12456789','2014150126'),(2014150127,'小明','China','中华民族','男','11111','1501','12456789','2014150127'),(2014150128,'小明','China','中华民族','男','11111','1501','12456789','2014150128'),(2014150129,'小明','China','中华民族','男','11111','1501','12456789','2014150129'),(2014150130,'小明','China','中华民族','男','11111','1501','12456789','2014150130'),(2014150131,'小明','China','中华民族','男','11111','1501','12456789','2014150131'),(2014150132,'小明','China','中华民族','女','11111','1501','12456789','2014150132'),(2014150133,'小明','China','中华民族','男','11111','1501','12456789','2014150133'),(2014150134,'小明','China','中华民族','男','11111','1501','12456789','2014150134'),(2014150135,'小明','China','中华民族','男','11111','1501','12456789','2014150135'),(2014150136,'小明','China','中华民族','男','11111','1501','12456789','2014150136'),(2014150137,'小明','China','中华民族','男','11111','1501','12456789','2014150137'),(2014150138,'小明','China','中华民族','男','11111','1501','12456789','2014150138'),(2014150139,'小明','China','中华民族','男','11111','1501','12456789','2014150139'),(2014150140,'小明','China','中华民族','男','11111','1501','12456789','2014150140'),(2014150141,'小明','China','中华民族','男','11111','1501','12456789','2014150141'),(2014150142,'小明','China','中华民族','男','11111','1501','12456789','2014150142'),(2014150143,'小明','China','中华民族','男','11111','1501','12456789','2014150143'),(2014150144,'小明','China','中华民族','男','11111','1501','12456789','2014150144'),(2014150145,'小明','China','中华民族','男','11111','1501','12456789','2014150145'),(2014150146,'小明','China','中华民族','男','11111','1501','12456789','2014150146'),(2014150147,'小明','China','中华民族','男','11111','1501','12456789','2014150147'),(2014150148,'小明','China','中华民族','男','11111','1501','12456789','2014150148'),(2014150149,'小明','China','中华民族','男','11111','1501','12456789','2014150149'),(2014150150,'小明','China','中华民族','男','11111','1501','12456789','2014150150'),(2014150201,'小明','China','中华民族','男','11111','1502','12456789','2014150201'),(2014150202,'小明','China','中华民族','男','11111','1502','12456789','2014150202'),(2014150203,'小明','China','中华民族','男','11111','1502','12456789','2014150203'),(2014150204,'小明','China','中华民族','男','11111','1502','12456789','2014150204'),(2014150205,'小明','China','中华民族','男','11111','1502','12456789','2014150205'),(2014150206,'小明','China','中华民族','男','11111','1502','12456789','2014150206'),(2014150207,'小明','China','中华民族','男','11111','1502','12456789','2014150207'),(2014150208,'小明','China','中华民族','男','11111','1502','12456789','2014150208'),(2014150209,'小明','China','中华民族','男','11111','1502','12456789','2014150209'),(2014150210,'小明','China','中华民族','男','11111','1502','12456789','2014150210'),(2014150211,'小明','China','中华民族','男','11111','1502','12456789','2014150211'),(2014150212,'小明','China','中华民族','男','11111','1502','12456789','2014150212'),(2014150213,'小明','China','中华民族','男','11111','1502','12456789','2014150213'),(2014150214,'小明','China','中华民族','男','11111','1502','12456789','2014150214'),(2014150215,'小明','China','中华民族','男','11111','1502','12456789','2014150215'),(2014150216,'小明','China','中华民族','男','11111','1502','12456789','2014150216'),(2014150217,'小明','China','中华民族','男','11111','1502','12456789','2014150217'),(2014150218,'小明','China','中华民族','男','11111','1502','12456789','2014150218'),(2014150219,'小明','China','中华民族','男','11111','1502','12456789','2014150219'),(2014150220,'小明','China','中华民族','男','11111','1502','12456789','2014150220'),(2014150221,'小明','China','中华民族','男','11111','1502','12456789','2014150221'),(2014150222,'小明','China','中华民族','男','11111','1502','12456789','2014150222'),(2014150223,'小明','China','中华民族','男','11111','1502','12456789','2014150223'),(2014150224,'小明','China','中华民族','男','11111','1502','12456789','2014150224'),(2014150225,'小明','China','中华民族','男','11111','1502','12456789','2014150225'),(2014150226,'小明','China','中华民族','男','11111','1502','12456789','2014150226'),(2014150227,'小明','China','中华民族','男','11111','1502','12456789','2014150227'),(2014150228,'小明','China','中华民族','男','11111','1502','12456789','2014150228'),(2014150229,'小明','China','中华民族','男','11111','1502','12456789','2014150229'),(2014150230,'小明','China','中华民族','男','11111','1502','12456789','2014150230'),(2014150231,'小明','China','中华民族','男','11111','1502','12456789','2014150231'),(2014150232,'小明','China','中华民族','男','11111','1502','12456789','2014150232'),(2014150233,'小明','China','中华民族','男','11111','1502','12456789','2014150233'),(2014150234,'小明','China','中华民族','男','11111','1502','12456789','2014150234'),(2014150235,'小明','China','中华民族','男','11111','1502','12456789','2014150235'),(2014150236,'小明','China','中华民族','男','11111','1502','12456789','2014150236'),(2014150237,'小明','China','中华民族','男','11111','1502','12456789','2014150237'),(2014150238,'小明','China','中华民族','男','11111','1502','12456789','2014150238'),(2014150239,'小明','China','中华民族','男','11111','1502','12456789','2014150239'),(2014150240,'小明','China','中华民族','男','11111','1502','12456789','2014150240'),(2014150241,'小明','China','中华民族','男','11111','1502','12456789','2014150241'),(2014150242,'小明','China','中华民族','男','11111','1502','12456789','2014150242'),(2014150243,'小明','China','中华民族','男','11111','1502','12456789','2014150243'),(2014150244,'小明','China','中华民族','男','11111','1502','12456789','2014150244'),(2014150245,'小明','China','中华民族','男','11111','1502','12456789','2014150245'),(2014150246,'小明','China','中华民族','男','11111','1502','12456789','2014150246'),(2014150247,'小明','China','中华民族','男','11111','1502','12456789','2014150247'),(2014150248,'小明','China','中华民族','男','11111','1502','12456789','2014150248'),(2014150249,'小明','China','中华民族','男','11111','1502','12456789','2014150249'),(2014150250,'小明','China','中华民族','男','11111','1502','12456789','2014150250'),(2014150301,'小明','China','中华民族','男','11111','1503','12456789','2014150301'),(2014150302,'小明','China','中华民族','男','11111','1503','12456789','2014150302'),(2014150303,'小明','China','中华民族','男','11111','1503','12456789','2014150303'),(2014150304,'小明','China','中华民族','男','11111','1503','12456789','2014150304'),(2014150305,'小明','China','中华民族','男','11111','1503','12456789','2014150305'),(2014150306,'小明','China','中华民族','男','11111','1503','12456789','2014150306'),(2014150307,'小明','China','中华民族','男','11111','1503','12456789','2014150307'),(2014150308,'小明','China','中华民族','男','11111','1503','12456789','2014150308'),(2014150309,'小明','China','中华民族','男','11111','1503','12456789','2014150309'),(2014150310,'小明','China','中华民族','男','11111','1503','12456789','2014150310'),(2014150311,'小明','China','中华民族','男','11111','1503','12456789','2014150311'),(2014150312,'小明','China','中华民族','男','11111','1503','12456789','2014150312'),(2014150313,'小明','China','中华民族','男','11111','1503','12456789','2014150313'),(2014150314,'小明','China','中华民族','男','11111','1503','12456789','2014150314'),(2014150315,'小明','China','中华民族','男','11111','1503','12456789','2014150315'),(2014150316,'小明','China','中华民族','男','11111','1503','12456789','2014150316'),(2014150317,'小明','China','中华民族','男','11111','1503','12456789','2014150317'),(2014150318,'小明','China','中华民族','男','11111','1503','12456789','2014150318'),(2014150319,'小明','China','中华民族','男','11111','1503','12456789','2014150319'),(2014150320,'小明','China','中华民族','男','11111','1503','12456789','2014150320'),(2014150321,'小明','China','中华民族','男','11111','1503','12456789','2014150321'),(2014150322,'小明','China','中华民族','男','11111','1503','12456789','2014150322'),(2014150323,'小明','China','中华民族','男','11111','1503','12456789','2014150323'),(2014150324,'小明','China','中华民族','男','11111','1503','12456789','2014150324'),(2014150325,'小明','China','中华民族','男','11111','1503','12456789','2014150325'),(2014150326,'小明','China','中华民族','男','11111','1503','12456789','2014150326'),(2014150327,'小明','China','中华民族','男','11111','1503','12456789','2014150327'),(2014150328,'小明','China','中华民族','男','11111','1503','12456789','2014150328'),(2014150329,'小明','China','中华民族','男','11111','1503','12456789','2014150329'),(2014150330,'小明','China','中华民族','男','11111','1503','12456789','2014150330'),(2014150331,'小明','China','中华民族','男','11111','1503','12456789','2014150331'),(2014150332,'小明','China','中华民族','男','11111','1503','12456789','2014150332'),(2014150333,'小明','China','中华民族','男','11111','1503','12456789','2014150333'),(2014150334,'小明','China','中华民族','男','11111','1503','12456789','2014150334'),(2014150335,'小明','China','中华民族','男','11111','1503','12456789','2014150335'),(2014150336,'小明','China','中华民族','男','11111','1503','12456789','2014150336'),(2014150337,'小明','China','中华民族','男','11111','1503','12456789','2014150337'),(2014150338,'小明','China','中华民族','男','11111','1503','12456789','2014150338'),(2014150339,'小明','China','中华民族','男','11111','1503','12456789','2014150339'),(2014150340,'小明','China','中华民族','男','11111','1503','12456789','2014150340'),(2014150341,'小明','China','中华民族','男','11111','1503','12456789','2014150341'),(2014150342,'小明','China','中华民族','男','11111','1503','12456789','2014150342'),(2014150343,'小明','China','中华民族','男','11111','1503','12456789','2014150343'),(2014150344,'小明','China','中华民族','男','11111','1503','12456789','2014150344'),(2014150345,'小明','China','中华民族','男','11111','1503','12456789','2014150345'),(2014150346,'小明','China','中华民族','男','11111','1503','12456789','2014150346'),(2014150347,'小明','China','中华民族','男','11111','1503','12456789','2014150347'),(2014150348,'小明','China','中华民族','男','11111','1503','12456789','2014150348'),(2014150349,'小明','China','中华民族','男','11111','1503','12456789','2014150349'),(2014150350,'小明','China','中华民族','男','11111','1503','12456789','2014150350'),(2014150401,'小明','China','中华民族','男','11111','1504','12456789','2014150401'),(2014150402,'小明','China','中华民族','男','11111','1504','12456789','2014150402'),(2014150403,'小明','China','中华民族','男','11111','1504','12456789','2014150403'),(2014150404,'小明','China','中华民族','男','11111','1504','12456789','2014150404'),(2014150405,'小明','China','中华民族','男','11111','1504','12456789','2014150405'),(2014150406,'小明','China','中华民族','男','11111','1504','12456789','2014150406'),(2014150407,'小明','China','中华民族','男','11111','1504','12456789','2014150407'),(2014150408,'小明','China','中华民族','男','11111','1504','12456789','2014150408'),(2014150409,'小明','China','中华民族','男','11111','1504','12456789','2014150409'),(2014150410,'小明','China','中华民族','男','11111','1504','12456789','2014150410'),(2014150411,'小明','China','中华民族','男','11111','1504','12456789','2014150411'),(2014150412,'小明','China','中华民族','男','11111','1504','12456789','2014150412'),(2014150413,'小明','China','中华民族','男','11111','1504','12456789','2014150413'),(2014150414,'小明','China','中华民族','男','11111','1504','12456789','2014150414'),(2014150415,'小明','China','中华民族','男','11111','1504','12456789','2014150415'),(2014150416,'小明','China','中华民族','男','11111','1504','12456789','2014150416'),(2014150417,'小明','China','中华民族','男','11111','1504','12456789','2014150417'),(2014150418,'小明','China','中华民族','男','11111','1504','12456789','2014150418'),(2014150419,'小明','China','中华民族','男','11111','1504','12456789','2014150419'),(2014150420,'小明','China','中华民族','男','11111','1504','12456789','2014150420'),(2014150421,'小明','China','中华民族','男','11111','1504','12456789','2014150421'),(2014150422,'小明','China','中华民族','男','11111','1504','12456789','2014150422'),(2014150423,'小明','China','中华民族','男','11111','1504','12456789','2014150423'),(2014150424,'小明','China','中华民族','男','11111','1504','12456789','2014150424'),(2014150425,'小明','China','中华民族','男','11111','1504','12456789','2014150425'),(2014150426,'小明','China','中华民族','男','11111','1504','12456789','2014150426'),(2014150427,'小明','China','中华民族','男','11111','1504','12456789','2014150427'),(2014150428,'小明','China','中华民族','男','11111','1504','12456789','2014150428'),(2014150429,'小明','China','中华民族','男','11111','1504','12456789','2014150429'),(2014150430,'小明','China','中华民族','男','11111','1504','12456789','2014150430'),(2014150431,'小明','China','中华民族','男','11111','1504','12456789','2014150431'),(2014150432,'小明','China','中华民族','男','11111','1504','12456789','2014150432'),(2014150433,'小明','China','中华民族','男','11111','1504','12456789','2014150433'),(2014150434,'小明','China','中华民族','男','11111','1504','12456789','2014150434'),(2014150435,'小明','China','中华民族','男','11111','1504','12456789','2014150435'),(2014150436,'小明','China','中华民族','男','11111','1504','12456789','2014150436'),(2014150437,'小明','China','中华民族','男','11111','1504','12456789','2014150437'),(2014150438,'小明','China','中华民族','男','11111','1504','12456789','2014150438'),(2014150439,'小明','China','中华民族','男','11111','1504','12456789','2014150439'),(2014150440,'小明','China','中华民族','男','11111','1504','12456789','2014150440'),(2014150441,'小明','China','中华民族','男','11111','1504','12456789','2014150441'),(2014150442,'小明','China','中华民族','男','11111','1504','12456789','2014150442'),(2014150443,'小明','China','中华民族','男','11111','1504','12456789','2014150443'),(2014150444,'小明','China','中华民族','男','11111','1504','12456789','2014150444'),(2014150445,'小明','China','中华民族','男','11111','1504','12456789','2014150445'),(2014150446,'小明','China','中华民族','男','11111','1504','12456789','2014150446'),(2014150447,'小明','China','中华民族','男','11111','1504','12456789','2014150447'),(2014150448,'小明','China','中华民族','男','11111','1504','12456789','2014150448'),(2014150449,'小明','China','中华民族','男','11111','1504','12456789','2014150449'),(2014150450,'小明','China','中华民族','男','11111','1504','12456789','2014150450'),(2014150501,'小明','China','中华民族','男','11111','1505','12456789','2014150501'),(2014150502,'小明','China','中华民族','男','11111','1505','12456789','2014150502'),(2014150503,'小明','China','中华民族','男','11111','1505','12456789','2014150503'),(2014150504,'小明','China','中华民族','男','11111','1505','12456789','2014150504'),(2014150505,'小明','China','中华民族','男','11111','1505','12456789','2014150505'),(2014150506,'小明','China','中华民族','男','11111','1505','12456789','2014150506'),(2014150507,'小明','China','中华民族','男','11111','1505','12456789','2014150507'),(2014150508,'小明','China','中华民族','男','11111','1505','12456789','2014150508'),(2014150509,'小明','China','中华民族','男','11111','1505','12456789','2014150509'),(2014150510,'小明','China','中华民族','男','11111','1505','12456789','2014150510'),(2014150511,'小明','China','中华民族','男','11111','1505','12456789','2014150511'),(2014150512,'小明','China','中华民族','男','11111','1505','12456789','2014150512'),(2014150513,'小明','China','中华民族','男','11111','1505','12456789','2014150513'),(2014150514,'小明','China','中华民族','男','11111','1505','12456789','2014150514'),(2014150515,'小明','China','中华民族','男','11111','1505','12456789','2014150515'),(2014150516,'小明','China','中华民族','男','11111','1505','12456789','2014150516'),(2014150517,'小明','China','中华民族','男','11111','1505','12456789','2014150517'),(2014150518,'小明','China','中华民族','男','11111','1505','12456789','2014150518'),(2014150519,'小明','China','中华民族','男','11111','1505','12456789','2014150519'),(2014150520,'小明','China','中华民族','男','11111','1505','12456789','2014150520'),(2014150521,'小明','China','中华民族','男','11111','1505','12456789','2014150521'),(2014150522,'小明','China','中华民族','男','11111','1505','12456789','2014150522'),(2014150523,'小明','China','中华民族','男','11111','1505','12456789','2014150523'),(2014150524,'小明','China','中华民族','男','11111','1505','12456789','2014150524'),(2014150525,'小明','China','中华民族','男','11111','1505','12456789','2014150525'),(2014150526,'小明','China','中华民族','男','11111','1505','12456789','2014150526'),(2014150527,'小明','China','中华民族','男','11111','1505','12456789','2014150527'),(2014150528,'小明','China','中华民族','男','11111','1505','12456789','2014150528'),(2014150529,'小明','China','中华民族','男','11111','1505','12456789','2014150529'),(2014150530,'小明','China','中华民族','男','11111','1505','12456789','2014150530'),(2014150531,'小明','China','中华民族','男','11111','1505','12456789','2014150531'),(2014150532,'小明','China','中华民族','男','11111','1505','12456789','2014150532'),(2014150533,'小明','China','中华民族','男','11111','1505','12456789','2014150533'),(2014150534,'小明','China','中华民族','男','11111','1505','12456789','2014150534'),(2014150535,'小明','China','中华民族','男','11111','1505','12456789','2014150535'),(2014150536,'小明','China','中华民族','男','11111','1505','12456789','2014150536'),(2014150537,'小明','China','中华民族','男','11111','1505','12456789','2014150537'),(2014150538,'小明','China','中华民族','男','11111','1505','12456789','2014150538'),(2014150539,'小明','China','中华民族','男','11111','1505','12456789','2014150539'),(2014150540,'小明','China','中华民族','男','11111','1505','12456789','2014150540'),(2014150541,'小明','China','中华民族','男','11111','1505','12456789','2014150541'),(2014150542,'小明','China','中华民族','男','11111','1505','12456789','2014150542'),(2014150543,'小明','China','中华民族','男','11111','1505','12456789','2014150543'),(2014150544,'小明','China','中华民族','男','11111','1505','12456789','2014150544'),(2014150545,'小明','China','中华民族','男','11111','1505','12456789','2014150545'),(2014150546,'小明','China','中华民族','男','11111','1505','12456789','2014150546'),(2014150547,'小明','China','中华民族','男','11111','1505','12456789','2014150547'),(2014150548,'小明','China','中华民族','男','11111','1505','12456789','2014150548'),(2014150549,'小明','China','中华民族','男','11111','1505','12456789','2014150549'),(2014150550,'小明','China','中华民族','男','11111','1505','12456789','2014150550'),(2014150601,'小明','China','中华民族','男','11111','1506','12456789','2014150601'),(2014150602,'小明','China','中华民族','男','11111','1506','12456789','2014150602'),(2014150603,'小明','China','中华民族','男','11111','1506','12456789','2014150603'),(2014150604,'小明','China','中华民族','男','11111','1506','12456789','2014150604'),(2014150605,'小明','China','中华民族','男','11111','1506','12456789','2014150605'),(2014150606,'小明','China','中华民族','男','11111','1506','12456789','2014150606'),(2014150607,'小明','China','中华民族','男','11111','1506','12456789','2014150607'),(2014150608,'小明','China','中华民族','男','11111','1506','12456789','2014150608'),(2014150609,'小明','China','中华民族','男','11111','1506','12456789','2014150609'),(2014150610,'小明','China','中华民族','男','11111','1506','12456789','2014150610'),(2014150611,'小明','China','中华民族','男','11111','1506','12456789','2014150611'),(2014150612,'小明','China','中华民族','男','11111','1506','12456789','2014150612'),(2014150613,'小明','China','中华民族','男','11111','1506','12456789','2014150613'),(2014150614,'小明','China','中华民族','男','11111','1506','12456789','2014150614'),(2014150615,'小明','China','中华民族','男','11111','1506','12456789','2014150615'),(2014150616,'小明','China','中华民族','男','11111','1506','12456789','2014150616'),(2014150617,'小明','China','中华民族','男','11111','1506','12456789','2014150617'),(2014150618,'小明','China','中华民族','男','11111','1506','12456789','2014150618'),(2014150619,'小明','China','中华民族','男','11111','1506','12456789','2014150619'),(2014150620,'小明','China','中华民族','男','11111','1506','12456789','2014150620'),(2014150621,'小明','China','中华民族','男','11111','1506','12456789','2014150621'),(2014150622,'小明','China','中华民族','男','11111','1506','12456789','2014150622'),(2014150623,'小明','China','中华民族','男','11111','1506','12456789','2014150623'),(2014150624,'小明','China','中华民族','男','11111','1506','12456789','2014150624'),(2014150625,'小明','China','中华民族','男','11111','1506','12456789','2014150625'),(2014150626,'小明','China','中华民族','男','11111','1506','12456789','2014150626'),(2014150627,'小明','China','中华民族','男','11111','1506','12456789','2014150627'),(2014150628,'小明','China','中华民族','男','11111','1506','12456789','2014150628'),(2014150629,'小明','China','中华民族','男','11111','1506','12456789','2014150629'),(2014150630,'小明','China','中华民族','男','11111','1506','12456789','2014150630'),(2014150631,'小明','China','中华民族','男','11111','1506','12456789','2014150631'),(2014150632,'小明','China','中华民族','男','11111','1506','12456789','2014150632'),(2014150633,'小明','China','中华民族','男','11111','1506','12456789','2014150633'),(2014150634,'小明','China','中华民族','男','11111','1506','12456789','2014150634'),(2014150635,'小明','China','中华民族','男','11111','1506','12456789','2014150635'),(2014150636,'小明','China','中华民族','男','11111','1506','12456789','2014150636'),(2014150637,'小明','China','中华民族','男','11111','1506','12456789','2014150637'),(2014150638,'小明','China','中华民族','男','11111','1506','12456789','2014150638'),(2014150639,'小明','China','中华民族','男','11111','1506','12456789','2014150639'),(2014150640,'小明','China','中华民族','男','11111','1506','12456789','2014150640'),(2014150641,'小明','China','中华民族','男','11111','1506','12456789','2014150641'),(2014150642,'小明','China','中华民族','男','11111','1506','12456789','2014150642'),(2014150643,'小明','China','中华民族','男','11111','1506','12456789','2014150643'),(2014150644,'小明','China','中华民族','男','11111','1506','12456789','2014150644'),(2014150645,'小明','China','中华民族','男','11111','1506','12456789','2014150645'),(2014150646,'小明','China','中华民族','男','11111','1506','12456789','2014150646'),(2014150647,'小明','China','中华民族','男','11111','1506','12456789','2014150647'),(2014150648,'小明','China','中华民族','男','11111','1506','12456789','2014150648'),(2014150649,'小明','China','中华民族','男','11111','1506','12456789','2014150649'),(2014150650,'小明','China','中华民族','男','11111','1506','12456789','2014150650'),(2014150701,'小明','China','中华民族','男','11111','1507','12456789','2014150701'),(2014150702,'小明','China','中华民族','男','11111','1507','12456789','2014150702'),(2014150703,'小明','China','中华民族','男','11111','1507','12456789','2014150703'),(2014150704,'小明','China','中华民族','男','11111','1507','12456789','2014150704'),(2014150705,'小明','China','中华民族','男','11111','1507','12456789','2014150705'),(2014150706,'小明','China','中华民族','男','11111','1507','12456789','2014150706'),(2014150707,'小明','China','中华民族','男','11111','1507','12456789','2014150707'),(2014150708,'小明','China','中华民族','男','11111','1507','12456789','2014150708'),(2014150709,'小明','China','中华民族','男','11111','1507','12456789','2014150709'),(2014150710,'小明','China','中华民族','男','11111','1507','12456789','2014150710'),(2014150711,'小明','China','中华民族','男','11111','1507','12456789','2014150711'),(2014150712,'小明','China','中华民族','男','11111','1507','12456789','2014150712'),(2014150713,'小明','China','中华民族','男','11111','1507','12456789','2014150713'),(2014150714,'小明','China','中华民族','男','11111','1507','12456789','2014150714'),(2014150715,'小明','China','中华民族','男','11111','1507','12456789','2014150715'),(2014150716,'小明','China','中华民族','男','11111','1507','12456789','2014150716'),(2014150717,'小明','China','中华民族','男','11111','1507','12456789','2014150717'),(2014150718,'小明','China','中华民族','男','11111','1507','12456789','2014150718'),(2014150719,'小明','China','中华民族','男','11111','1507','12456789','2014150719'),(2014150720,'小明','China','中华民族','男','11111','1507','12456789','2014150720'),(2014150721,'小明','China','中华民族','男','11111','1507','12456789','2014150721'),(2014150722,'小明','China','中华民族','男','11111','1507','12456789','2014150722'),(2014150723,'小明','China','中华民族','男','11111','1507','12456789','2014150723'),(2014150724,'小明','China','中华民族','男','11111','1507','12456789','2014150724'),(2014150725,'小明','China','中华民族','男','11111','1507','12456789','2014150725'),(2014150726,'小明','China','中华民族','男','11111','1507','12456789','2014150726'),(2014150727,'小明','China','中华民族','男','11111','1507','12456789','2014150727'),(2014150728,'小明','China','中华民族','男','11111','1507','12456789','2014150728'),(2014150729,'小明','China','中华民族','男','11111','1507','12456789','2014150729'),(2014150730,'小明','China','中华民族','男','11111','1507','12456789','2014150730'),(2014150731,'小明','China','中华民族','男','11111','1507','12456789','2014150731'),(2014150732,'小明','China','中华民族','男','11111','1507','12456789','2014150732'),(2014150733,'小明','China','中华民族','男','11111','1507','12456789','2014150733'),(2014150734,'小明','China','中华民族','男','11111','1507','12456789','2014150734'),(2014150735,'小明','China','中华民族','男','11111','1507','12456789','2014150735'),(2014150736,'小明','China','中华民族','男','11111','1507','12456789','2014150736'),(2014150737,'小明','China','中华民族','男','11111','1507','12456789','2014150737'),(2014150738,'小明','China','中华民族','男','11111','1507','12456789','2014150738'),(2014150739,'小明','China','中华民族','男','11111','1507','12456789','2014150739'),(2014150740,'小明','China','中华民族','男','11111','1507','12456789','2014150740'),(2014150741,'小明','China','中华民族','男','11111','1507','12456789','2014150741'),(2014150742,'小明','China','中华民族','男','11111','1507','12456789','2014150742'),(2014150743,'小明','China','中华民族','男','11111','1507','12456789','2014150743'),(2014150744,'小明','China','中华民族','男','11111','1507','12456789','2014150744'),(2014150745,'小明','China','中华民族','男','11111','1507','12456789','2014150745'),(2014150746,'小明','China','中华民族','男','11111','1507','12456789','2014150746'),(2014150747,'小明','China','中华民族','男','11111','1507','12456789','2014150747'),(2014150748,'小明','China','中华民族','男','11111','1507','12456789','2014150748'),(2014150749,'小明','China','中华民族','男','11111','1507','12456789','2014150749'),(2014150750,'小明','China','中华民族','男','11111','1507','12456789','2014150750'),(2014150801,'小明','China','中华民族','男','11111','1508','12456789','2014150801'),(2014150802,'小明','China','中华民族','男','11111','1508','12456789','2014150802'),(2014150803,'小明','China','中华民族','男','11111','1508','12456789','2014150803'),(2014150804,'小明','China','中华民族','男','11111','1508','12456789','2014150804'),(2014150805,'小明','China','中华民族','男','11111','1508','12456789','2014150805'),(2014150806,'小明','China','中华民族','男','11111','1508','12456789','2014150806'),(2014150807,'小明','China','中华民族','男','11111','1508','12456789','2014150807'),(2014150808,'小明','China','中华民族','男','11111','1508','12456789','2014150808'),(2014150809,'小明','China','中华民族','男','11111','1508','12456789','2014150809'),(2014150810,'小明','China','中华民族','男','11111','1508','12456789','2014150810'),(2014150811,'小明','China','中华民族','男','11111','1508','12456789','2014150811'),(2014150812,'小明','China','中华民族','男','11111','1508','12456789','2014150812'),(2014150813,'小明','China','中华民族','男','11111','1508','12456789','2014150813'),(2014150814,'小明','China','中华民族','男','11111','1508','12456789','2014150814'),(2014150815,'小明','China','中华民族','男','11111','1508','12456789','2014150815'),(2014150816,'小明','China','中华民族','男','11111','1508','12456789','2014150816'),(2014150817,'小明','China','中华民族','男','11111','1508','12456789','2014150817'),(2014150818,'小明','China','中华民族','男','11111','1508','12456789','2014150818'),(2014150819,'小明','China','中华民族','男','11111','1508','12456789','2014150819'),(2014150820,'小明','China','中华民族','男','11111','1508','12456789','2014150820'),(2014150821,'小明','China','中华民族','男','11111','1508','12456789','2014150821'),(2014150822,'小明','China','中华民族','男','11111','1508','12456789','2014150822'),(2014150823,'小明','China','中华民族','男','11111','1508','12456789','2014150823'),(2014150824,'小明','China','中华民族','男','11111','1508','12456789','2014150824'),(2014150825,'小明','China','中华民族','男','11111','1508','12456789','2014150825'),(2014150826,'小明','China','中华民族','男','11111','1508','12456789','2014150826'),(2014150827,'小明','China','中华民族','男','11111','1508','12456789','2014150827'),(2014150828,'小明','China','中华民族','男','11111','1508','12456789','2014150828'),(2014150829,'小明','China','中华民族','男','11111','1508','12456789','2014150829'),(2014150830,'小明','China','中华民族','男','11111','1508','12456789','2014150830'),(2014150831,'小明','China','中华民族','男','11111','1508','12456789','2014150831'),(2014150832,'小明','China','中华民族','男','11111','1508','12456789','2014150832'),(2014150833,'小明','China','中华民族','男','11111','1508','12456789','2014150833'),(2014150834,'小明','China','中华民族','男','11111','1508','12456789','2014150834'),(2014150835,'小明','China','中华民族','男','11111','1508','12456789','2014150835'),(2014150836,'小明','China','中华民族','男','11111','1508','12456789','2014150836'),(2014150837,'小明','China','中华民族','男','11111','1508','12456789','2014150837'),(2014150838,'小明','China','中华民族','男','11111','1508','12456789','2014150838'),(2014150839,'小明','China','中华民族','男','11111','1508','12456789','2014150839'),(2014150840,'小明','China','中华民族','男','11111','1508','12456789','2014150840'),(2014150841,'小明','China','中华民族','男','11111','1508','12456789','2014150841'),(2014150842,'小明','China','中华民族','男','11111','1508','12456789','2014150842'),(2014150843,'小明','China','中华民族','男','11111','1508','12456789','2014150843'),(2014150844,'小明','China','中华民族','男','11111','1508','12456789','2014150844'),(2014150845,'小明','China','中华民族','男','11111','1508','12456789','2014150845'),(2014150846,'小明','China','中华民族','男','11111','1508','12456789','2014150846'),(2014150847,'小明','China','中华民族','男','11111','1508','12456789','2014150847'),(2014150848,'小明','China','中华民族','男','11111','1508','12456789','2014150848'),(2014150849,'小明','China','中华民族','男','11111','1508','12456789','2014150849'),(2014150850,'小明','China','中华民族','男','11111','1508','12456789','2014150850'),(2014150901,'小明','China','中华民族','男','11111','1509','12456789','2014150901'),(2014150902,'小明','China','中华民族','男','11111','1509','12456789','2014150902'),(2014150903,'小明','China','中华民族','男','11111','1509','12456789','2014150903'),(2014150904,'小明','China','中华民族','男','11111','1509','12456789','2014150904'),(2014150905,'小明','China','中华民族','男','11111','1509','12456789','2014150905'),(2014150906,'小明','China','中华民族','男','11111','1509','12456789','2014150906'),(2014150907,'小明','China','中华民族','男','11111','1509','12456789','2014150907'),(2014150908,'小明','China','中华民族','男','11111','1509','12456789','2014150908'),(2014150909,'小明','China','中华民族','男','11111','1509','12456789','2014150909'),(2014150910,'小明','China','中华民族','男','11111','1509','12456789','2014150910'),(2014150911,'小明','China','中华民族','男','11111','1509','12456789','2014150911'),(2014150912,'小明','China','中华民族','男','11111','1509','12456789','2014150912'),(2014150913,'小明','China','中华民族','男','11111','1509','12456789','2014150913'),(2014150914,'小明','China','中华民族','男','11111','1509','12456789','2014150914'),(2014150915,'小明','China','中华民族','男','11111','1509','12456789','2014150915'),(2014150916,'小明','China','中华民族','男','11111','1509','12456789','2014150916'),(2014150917,'小明','China','中华民族','男','11111','1509','12456789','2014150917'),(2014150918,'小明','China','中华民族','男','11111','1509','12456789','2014150918'),(2014150919,'小明','China','中华民族','男','11111','1509','12456789','2014150919'),(2014150920,'小明','China','中华民族','男','11111','1509','12456789','2014150920'),(2014150921,'小明','China','中华民族','男','11111','1509','12456789','2014150921'),(2014150922,'小明','China','中华民族','男','11111','1509','12456789','2014150922'),(2014150923,'小明','China','中华民族','男','11111','1509','12456789','2014150923'),(2014150924,'小明','China','中华民族','男','11111','1509','12456789','2014150924'),(2014150925,'小明','China','中华民族','男','11111','1509','12456789','2014150925'),(2014150926,'小明','China','中华民族','男','11111','1509','12456789','2014150926'),(2014150927,'小明','China','中华民族','男','11111','1509','12456789','2014150927'),(2014150928,'小明','China','中华民族','男','11111','1509','12456789','2014150928'),(2014150929,'小明','China','中华民族','男','11111','1509','12456789','2014150929'),(2014150930,'小明','China','中华民族','男','11111','1509','12456789','2014150930'),(2014150931,'小明','China','中华民族','男','11111','1509','12456789','2014150931'),(2014150932,'小明','China','中华民族','男','11111','1509','12456789','2014150932'),(2014150933,'小明','China','中华民族','男','11111','1509','12456789','2014150933'),(2014150934,'小明','China','中华民族','男','11111','1509','12456789','2014150934'),(2014150935,'小明','China','中华民族','男','11111','1509','12456789','2014150935'),(2014150936,'小明','China','中华民族','男','11111','1509','12456789','2014150936'),(2014150937,'小明','China','中华民族','男','11111','1509','12456789','2014150937'),(2014150938,'小明','China','中华民族','男','11111','1509','12456789','2014150938'),(2014150939,'小明','China','中华民族','男','11111','1509','12456789','2014150939'),(2014150940,'小明','China','中华民族','男','11111','1509','12456789','2014150940'),(2014150941,'小明','China','中华民族','男','11111','1509','12456789','2014150941'),(2014150942,'小明','China','中华民族','男','11111','1509','12456789','2014150942'),(2014150943,'小明','China','中华民族','男','11111','1509','12456789','2014150943'),(2014150944,'小明','China','中华民族','男','11111','1509','12456789','2014150944'),(2014150945,'小明','China','中华民族','男','11111','1509','12456789','2014150945'),(2014150946,'小明','China','中华民族','男','11111','1509','12456789','2014150946'),(2014150947,'小明','China','中华民族','男','11111','1509','12456789','2014150947'),(2014150948,'小明','China','中华民族','男','11111','1509','12456789','2014150948'),(2014150949,'小明','China','中华民族','男','11111','1509','12456789','2014150949'),(2014150950,'小明','China','中华民族','男','11111','1509','12456789','2014150950'),(2015150351,'小明','2015150351','11','null','11111','1503','2015150351','2015150351');
/*!40000 ALTER TABLE `students` ENABLE KEYS */;
UNLOCK TABLES;

--
-- Table structure for table `teachers`
--

DROP TABLE IF EXISTS `teachers`;
/*!40101 SET @saved_cs_client     = @@character_set_client */;
/*!40101 SET character_set_client = utf8 */;
CREATE TABLE `teachers` (
  `t_id` int(11) NOT NULL,
  `t_name` varchar(255) DEFAULT NULL,
  `t_sex` varchar(255) DEFAULT NULL,
  `t_address` varchar(255) DEFAULT NULL,
  `t_tell` varchar(255) DEFAULT NULL,
  `t_pwd` varchar(255) DEFAULT NULL,
  `t_c_code` varchar(255) DEFAULT NULL,
  PRIMARY KEY (`t_id`)
) ENGINE=InnoDB DEFAULT CHARSET=utf8;
/*!40101 SET character_set_client = @saved_cs_client */;

--
-- Dumping data for table `teachers`
--

LOCK TABLES `teachers` WRITE;
/*!40000 ALTER TABLE `teachers` DISABLE KEYS */;
INSERT INTO `teachers` VALUES (120101,'老王','女','120101','120101','120101','01'),(120201,'老王','女','120201','120201','120201','02'),(120301,'老王','男','120301','120301','120301','03'),(120401,'老王','女','120401','120401','120401','04'),(120501,'老王','女','120501','120501','120501','05');
/*!40000 ALTER TABLE `teachers` ENABLE KEYS */;
UNLOCK TABLES;
/*!40103 SET TIME_ZONE=@OLD_TIME_ZONE */;

/*!40101 SET SQL_MODE=@OLD_SQL_MODE */;
/*!40014 SET FOREIGN_KEY_CHECKS=@OLD_FOREIGN_KEY_CHECKS */;
/*!40014 SET UNIQUE_CHECKS=@OLD_UNIQUE_CHECKS */;
/*!40101 SET CHARACTER_SET_CLIENT=@OLD_CHARACTER_SET_CLIENT */;
/*!40101 SET CHARACTER_SET_RESULTS=@OLD_CHARACTER_SET_RESULTS */;
/*!40101 SET COLLATION_CONNECTION=@OLD_COLLATION_CONNECTION */;
/*!40111 SET SQL_NOTES=@OLD_SQL_NOTES */;

-- Dump completed on 2015-01-12  8:14:54
